<?xml version="1.0" encoding="UTF-8"?>
<metadata>
  <groupId>com.virjar.sekiro.business</groupId>
  <artifactId>sekiro-service-demo</artifactId>
  <versioning>
    <release>0.0.1</release>
    <versions>
      <version>1.4</version>
      <version>1.0.1</version>
      <version>1.2.1</version>
      <version>1.0.0</version>
      <version>29.0-jre</version>
      <version>9999.0-empty-to-avoid-conflict-with-guava</version>
      <version>3.0.2</version>
      <version>2.11.1</version>
      <version>2.3.4</version>
      <version>1.3</version>
      <version>3.12.0</version>
      <version>2.8.0</version>
      <version>1.7.30</version>
      <version>1.2.3</version>
      <version>1.18.20</version>
      <version>0.0.1</version>
    </versions>
    <lastUpdated>20210823025058</lastUpdated>
  </versioning>
</metadata>
